pattern,n_tokens,n_docs,atp,delta_p,h_slot,npmi,dispersion,g_squared,p_value,p_value_fdr
"modal-be,pp_at_NP",5,4,0.35646834066001415,0.35420908062691875,1.3709505944546687,0.3224098134581442,0.9473684210526325,3.874392893788867,0.14410739671058048,0.9901958642129153
"pres-be,pp_from_NP",5,5,0.2789765867840558,0.5529890274533997,1.9219280948873623,0.4063191059831328,0.8947368421052639,3.874392893788867,0.14410739671058048,0.9901958642129153
"perf-be,pp_with_NP",4,4,0.5105981550871587,0.6312813055420907,1.5,0.39851919098330435,0.9649122807017553,2.0079420366950353,0.3664214818683252,0.9901958642129153
"modal-be,pp_without_NP",4,4,0.35737476189980766,0.4544295178080927,1.5,0.374625161307172,0.9561403508771941,2.0079420366950353,0.3664214818683252,0.9901958642129153
"perf-be,pp_to_NP",4,4,0.459854140914395,0.40211463887542415,2.0,0.2980768416338464,0.9473684210526326,2.0079420366950353,0.3664214818683252,0.9901958642129153
"perf-be,pp_of_NP",4,4,0.4527122409775995,0.39794797220875744,1.5,0.19160366071692234,0.9473684210526324,2.0079420366950353,0.3664214818683252,0.9901958642129153
"past-be,pp_into_NP",4,4,0.3048308366110111,0.602934642106964,2.0,0.38395454587756145,0.9473684210526324,2.0079420366950353,0.3664214818683252,0.9901958642129153
"modal-be,pp_against_NP",4,3,0.31352987855434555,0.34769866396025206,1.5,0.19916143172310294,0.9561403508771936,2.0079420366950353,0.3664214818683252,0.9901958642129153
